<SMARTTABLEPARAMS>
    <CLASSNAMEROOT>smt</CLASSNAMEROOT>
    <ID>testSMT</ID>
    <ACTIVE>true</ACTIVE>
    <SORT>true</SORT>
    <SEARCH>true</SEARCH>
    <PAGINATION>
        <ROWS>15</ROWS>
        <DELIMITER>|</DELIMITER>
        <GROUPING>12</GROUPING>
    </PAGINATION>
    <SERIALIZATION>
        <CHANGESONLY>true</CHANGESONLY>
	      <DELIMITER>,</DELIMITER>        
    </SERIALIZATION>
    <COLUMNS>
    	<COLUMN>        
    		<NAME>Invoice</NAME>   
    		<SORT>true</SORT>
    		<SEARCH>true</SEARCH>
    		<DATATYPE>number</DATATYPE>
    		<HEADERCLASS>smtHeader</HEADERCLASS>
    		<ROWCLASS></ROWCLASS>
    		<EDITCLASS></EDITCLASS>
    		<EDITMODE>none</EDITMODE>
    	</COLUMN>
    	<COLUMN>        
    		<NAME>Product</NAME>   
    		<SORT>true</SORT>
    		<SEARCH>true</SEARCH>
    		<DATATYPE></DATATYPE>
    		<HEADERCLASS> </HEADERCLASS>
    		<ROWCLASS> </ROWCLASS>
    		<EDITCLASS></EDITCLASS>
    		<EDITMODE>select</EDITMODE>
    		<EDITCONSTRAINTS>
<CONSTRAINT><TEXT>Bird Feed</TEXT><VALUE>0</VALUE></CONSTRAINT>
<CONSTRAINT><TEXT>Watermelons</TEXT><VALUE>1</VALUE></CONSTRAINT>
<CONSTRAINT><TEXT>Balloons</TEXT><VALUE>2</VALUE></CONSTRAINT>
<CONSTRAINT><TEXT>Cement</TEXT><VALUE>3</VALUE></CONSTRAINT>
<CONSTRAINT><TEXT>Clown Shoes</TEXT><VALUE>4</VALUE></CONSTRAINT>
<CONSTRAINT><TEXT>Barbie Dolls</TEXT><VALUE>5</VALUE></CONSTRAINT>
<CONSTRAINT><TEXT>Super Glue</TEXT><VALUE>6</VALUE></CONSTRAINT>
<CONSTRAINT><TEXT>Offshored Programmers</TEXT><VALUE>7</VALUE></CONSTRAINT>
<CONSTRAINT><TEXT>Staples</TEXT><VALUE>8</VALUE></CONSTRAINT>
<CONSTRAINT><TEXT>Pet Mice</TEXT><VALUE>9</VALUE></CONSTRAINT>
<CONSTRAINT><TEXT>Pet Rocks</TEXT><VALUE>10</VALUE></CONSTRAINT>
<CONSTRAINT><TEXT>GTA Vice City</TEXT><VALUE>11</VALUE></CONSTRAINT>
<CONSTRAINT><TEXT>Dinnerware</TEXT><VALUE>12</VALUE></CONSTRAINT>
<CONSTRAINT><TEXT>Prom Dresses</TEXT><VALUE>13</VALUE></CONSTRAINT>
<CONSTRAINT><TEXT>Cell Phones</TEXT><VALUE>14</VALUE></CONSTRAINT>
<CONSTRAINT><TEXT>Scissors</TEXT><VALUE>15</VALUE></CONSTRAINT>
    		</EDITCONSTRAINTS>
    	</COLUMN>
    	<COLUMN>        
    		<NAME>Date</NAME>   
    		<SORT>true</SORT>
    		<SEARCH>true</SEARCH>
    		<DATATYPE>date</DATATYPE>
    		<HEADERCLASS></HEADERCLASS>
    		<ROWCLASS></ROWCLASS>
    		<EDITCLASS></EDITCLASS>
    		<EDITMODE>none</EDITMODE>
    	</COLUMN>
    	<COLUMN>        
    		<NAME>Destination</NAME>   
    		<SORT>true</SORT>
    		<SEARCH>true</SEARCH>
    		<DATATYPE>text</DATATYPE>
    		<HEADERCLASS></HEADERCLASS>
    		<ROWCLASS>test</ROWCLASS>
    		<EDITCLASS></EDITCLASS>
    		<EDITMODE>none</EDITMODE>
    	</COLUMN>
    	<COLUMN>        
    		<NAME>Status</NAME>   
    		<SORT>true</SORT>
    		<SEARCH>true</SEARCH>
    		<DATATYPE>text</DATATYPE>
    		<HEADERCLASS></HEADERCLASS>
    		<ROWCLASS></ROWCLASS>
    		<EDITCLASS></EDITCLASS>
    		<EDITMODE>none</EDITMODE>
    	</COLUMN>
    	<COLUMN>        
    		<NAME>Contact</NAME>   
    		<SORT>true</SORT>
    		<SEARCH>true</SEARCH>
    		<DATATYPE>text</DATATYPE>
    		<HEADERCLASS></HEADERCLASS>
    		<ROWCLASS></ROWCLASS>
    		<EDITCLASS></EDITCLASS>
    		<EDITMODE>none</EDITMODE>
    	</COLUMN>
    	<COLUMN>        
    		<NAME>ShippingCode</NAME>   
    		<SORT>true</SORT>
    		<SEARCH>true</SEARCH>
    		<DATATYPE>text</DATATYPE>
    		<HEADERCLASS></HEADERCLASS>
    		<ROWCLASS></ROWCLASS>
    		<EDITCLASS></EDITCLASS>
    		<EDITMODE>text</EDITMODE>
       	</COLUMN>
    </COLUMNS>
    <METADATA>
        <METANAME></METANAME>
    </METADATA>
    <DATA>1,Prom Dresses,08/01/2004,Sao Paulo,Stolen,Sofia Coppola,N-XAuoxx,2,Cement,06/01/2001,Bangkok,Returned,Lynn Margulis,N-CEnvlb,3,Barbie Dolls,09/27/2001,London,Returned,The Pope,N-QQwkvu,4,GTA Vice City,08/27/2001,San Francisco,In Customs,Jim Jones,N-FYvjrs,5,Cement,03/21/2002,Buenos Aires,Stolen,Donny Osmond,N-PBuwyi,6,Cement,08/18/2003,London,Out for Delivery,T. Pynchon,N-XAhocx,7,Offshored Programmers,07/24/2003,Sao Paulo,In Transit,T. Pynchon,N-GMbxjh,8,Pet Mice,03/25/2002,Bangkok,Lost,Cathy Zeta Jones,N-CZshgo,9,Super Glue,02/04/2000,Kuala Lumpur,Lost at Sea,T. Pynchon,N-POezwt,10,GTA Vice City,10/22/2005,Minneapolis,Arrived,Trey Parker,N-ELgdks,11,Prom Dresses,01/21/2000,Sao Paulo,In Customs,Christopher Hitchens,N-LZhcfv,12,Clown Shoes,04/25/2004,Bangkok,Arrived,Donald Trump,N-PDmazo,13,Pet Mice,03/26/2004,New York,Returned,Mick Jagger,N-RRxqet,14,GTA Vice City,11/07/2002,London,Out for Delivery,Cathy Zeta Jones,N-XDoskr,15,Balloons,11/24/2003,Barcelona,Out for Delivery,T. Pynchon,N-SKantt,16,Prom Dresses,08/02/2002,Los Angeles,Lost,Sharon Osborne,N-UVqdir,17,Barbie Dolls,01/09/2005,London,In Customs,Cathy Zeta Jones,N-KIlhvx,18,Watermelons,05/23/2005,New York,In Customs,Sharon Osborne,N-BPcfcu,19,Pet Rocks,08/28/2005,Hong Kong,Arrived,Cathy Zeta Jones,N-FEkepi,20,Watermelons,09/14/2003,San Francisco,In Transit,Trey Parker,N-YCdqdd,21,Dinnerware,05/03/2001,Minneapolis,In Customs,Trey Parker,N-IHhkyp,22,Pet Mice,09/17/2000,Barcelona,Lost at Sea,Mick Jagger,N-OTicls,23,Cell Phones,04/14/2000,Buenos Aires,Stolen,Cathy Zeta Jones,N-SBgvjs,24,Pet Mice,07/05/2005,New York,Not Yet Shipped,Cathy Zeta Jones,N-FSfwvt,25,Pet Rocks,05/01/2001,London,Lost at Sea,T. Pynchon,N-WGiaia,26,Cement,08/21/2003,New York,Returned,The Pope,N-SZlfsn,27,Cell Phones,12/11/2002,Bangkok,Arrived,Trey Parker,N-FFwwzs,28,Prom Dresses,07/25/2000,San Francisco,Out for Delivery,Jim Jones,N-CLxlry,29,Super Glue,02/16/2004,Barcelona,Returned,Donny Osmond,N-JZucms,30,GTA Vice City,02/19/2000,Kuala Lumpur,Arrived,Mick Jagger,N-HDsuhu,31,Barbie Dolls,12/07/2004,Sao Paulo,Not Yet Shipped,Donny Osmond,N-GJkaao,32,Super Glue,06/01/2002,Hong Kong,Unknown,Mick Jagger,N-LKktfv,33,Pet Mice,04/22/2001,Kuala Lumpur,Returned,Sharon Osborne,N-TVsayx,34,Pet Mice,11/27/2002,Hong Kong,In Transit,Sofia Coppola,N-SCbkbf,35,Prom Dresses,01/31/2002,London,Unknown,Donny Osmond,N-ONwozj,36,Watermelons,11/30/2005,Bangkok,In Transit,Donny Osmond,N-SCixfo,37,Offshored Programmers,11/08/2005,Buenos Aires,In Transit,Donny Osmond,N-YQbvmo,38,Barbie Dolls,10/30/2005,New York,Unknown,Lynn Margulis,N-EEvxqk,39,Scissors,12/20/2001,San Francisco,Unknown,Mick Jagger,N-PNduxd,40,Dinnerware,07/11/2004,Minneapolis,Out for Delivery,Donald Trump,N-MEkkki,41,Cell Phones,01/05/2003,San Francisco,Out for Delivery,Donald Trump,N-TLpspm,42,Clown Shoes,08/10/2005,London,Lost at Sea,Sharon Osborne,N-KBdqcx,43,Pet Mice,08/16/2002,New York,Arrived,T. Pynchon,N-ALikqv,44,Prom Dresses,03/03/2000,Barcelona,Lost at Sea,Trey Parker,N-FMuszd,45,Clown Shoes,06/23/2005,Kuala Lumpur,Stolen,The Pope,N-CJudob,46,Dinnerware,04/13/2005,Minneapolis,Out for Delivery,Lynn Margulis,N-KJcztf,47,GTA Vice City,05/03/2005,Kuala Lumpur,Lost,Christopher Hitchens,N-UJxbob,48,Pet Mice,09/14/2000,Toronto,In Customs,Sofia Coppola,N-GRpabj,49,Barbie Dolls,05/04/2003,Hong Kong,Not Yet Shipped,Trey Parker,N-RLthhi,50,Pet Rocks,08/11/2000,Los Angeles,In Customs,Lynn Margulis,N-JVrrxl,51,Staples,09/11/2005,Bangkok,Lost,Sofia Coppola,N-YUsfuo,52,Cement,02/02/2005,London,Out for Delivery,Christopher Hitchens,N-WPebbc,53,Watermelons,01/04/2005,Los Angeles,Lost at Sea,Donny Osmond,N-IZvytu,54,Clown Shoes,01/08/2002,Barcelona,Lost,Trey Parker,N-YUwfdd,55,Barbie Dolls,03/30/2001,Kuala Lumpur,Lost,Donald Trump,N-MKoebp,56,Balloons,12/29/2004,Kuala Lumpur,Arrived,Sharon Osborne,N-NCxlqg,57,Dinnerware,08/06/2003,Hong Kong,Lost,Mick Jagger,N-VUovse,58,Clown Shoes,07/14/2001,Toronto,In Customs,Mick Jagger,N-YLatne,59,Dinnerware,03/27/2004,Toronto,Arrived,Lynn Margulis,N-PWcgpy,60,Cell Phones,05/19/2002,Toronto,Lost at Sea,Lynn Margulis,N-HZxnlg,61,Super Glue,11/04/2003,London,Lost,T. Pynchon,N-EBwhtx,62,Balloons,05/07/2003,Kuala Lumpur,Stolen,Donny Osmond,N-UFyfyp,63,Watermelons,01/09/2002,Toronto,Lost at Sea,Cathy Zeta Jones,N-XSkkzc,64,Cell Phones,10/10/2004,Sao Paulo,In Transit,Mick Jagger,N-FMujpr,65,Clown Shoes,11/12/2005,New York,Not Yet Shipped,Donald Trump,N-UImmex,66,Barbie Dolls,01/22/2003,Barcelona,Returned,Donald Trump,N-TWsxvf,67,Barbie Dolls,07/29/2001,Los Angeles,In Customs,T. Pynchon,N-FHbdvo,68,GTA Vice City,06/31/2000,Toronto,Unknown,Lynn Margulis,N-SAkxpn,69,Balloons,04/09/2005,Buenos Aires,Not Yet Shipped,Trey Parker,N-ZIsrpj,70,Dinnerware,06/08/2005,Bangkok,Out for Delivery,Cathy Zeta Jones,N-HMyxbc,71,Watermelons,10/01/2003,Sao Paulo,Arrived,Christopher Hitchens,N-BBqmpf,72,GTA Vice City,06/05/2001,Kuala Lumpur,Lost,The Pope,N-DPclib,73,Staples,07/17/2005,Minneapolis,Not Yet Shipped,The Pope,N-IMojyi,74,Prom Dresses,08/25/2002,London,Not Yet Shipped,T. Pynchon,N-NGiqlg,75,Cell Phones,11/17/2003,London,Lost,Christopher Hitchens,N-DQtuqx,76,GTA Vice City,09/13/2002,Hong Kong,In Customs,Trey Parker,N-GVwwro,77,Barbie Dolls,11/24/2001,London,Unknown,Donny Osmond,N-PFjdrt,78,Super Glue,02/30/2004,Hong Kong,Lost at Sea,Cathy Zeta Jones,N-DZshjd,79,Cement,02/20/2000,Hong Kong,In Transit,Christopher Hitchens,N-XSvvfo,80,Prom Dresses,04/16/2005,Kuala Lumpur,Lost,Sharon Osborne,N-GPycyp,81,Scissors,05/05/2001,San Francisco,Arrived,T. Pynchon,N-UQqqkx,82,GTA Vice City,09/08/2000,Los Angeles,Not Yet Shipped,Christopher Hitchens,N-WNrsqw,83,Pet Mice,02/02/2005,Los Angeles,Out for Delivery,Cathy Zeta Jones,N-PJymtq,84,Super Glue,07/26/2000,Barcelona,Stolen,Donny Osmond,N-OPcnjz,85,Cell Phones,10/06/2004,Hong Kong,Arrived,Christopher Hitchens,N-AVnxkk,86,Pet Mice,08/21/2000,New York,In Transit,Donny Osmond,N-NFqkej,87,Barbie Dolls,04/14/2003,Kuala Lumpur,Not Yet Shipped,Christopher Hitchens,N-ALsqoz,88,Scissors,06/18/2002,Sao Paulo,Arrived,Jim Jones,N-MNusgm,89,Dinnerware,08/01/2003,Toronto,Lost,Trey Parker,N-QDxdua,90,Dinnerware,05/03/2000,Bangkok,Not Yet Shipped,Lynn Margulis,N-HEhqhk,91,Cement,12/10/2000,Hong Kong,Lost,T. Pynchon,N-XEbryu,92,Super Glue,10/18/2001,Barcelona,Not Yet Shipped,Lynn Margulis,N-NQdvka,93,Dinnerware,09/10/2005,San Francisco,Arrived,Donny Osmond,N-MJwsyg,94,Cement,06/10/2000,Toronto,Stolen,Sofia Coppola,N-QOxbxz,95,Cement,02/11/2002,Buenos Aires,Unknown,Lynn Margulis,N-BHmvcp,96,Scissors,02/30/2005,Buenos Aires,In Transit,Cathy Zeta Jones,N-VQnoct,97,Cell Phones,03/11/2000,Toronto,Out for Delivery,Donald Trump,N-NXqkyy,98,Cell Phones,12/14/2003,Barcelona,Arrived,Trey Parker,N-EZuoun,99,Staples,07/11/2004,Buenos Aires,In Customs,Jim Jones,N-XEfhsu,100,Pet Rocks,12/07/2004,Los Angeles,Stolen,Cathy Zeta Jones,N-KQvxxi,101,Pet Rocks,10/21/2003,Hong Kong,Lost at Sea,Lynn Margulis,N-BPzzyc,102,Super Glue,11/28/2002,Toronto,Returned,Sofia Coppola,N-UBwtjt,103,Scissors,07/01/2004,Toronto,Stolen,Mick Jagger,N-VKasqj,104,Super Glue,04/30/2003,San Francisco,Lost,Jim Jones,N-IFtghk,105,GTA Vice City,01/22/2004,San Francisco,Out for Delivery,Sharon Osborne,N-HJseft,106,Balloons,12/26/2002,Barcelona,Out for Delivery,Sharon Osborne,N-BNakca,107,Super Glue,12/05/2005,San Francisco,Out for Delivery,Cathy Zeta Jones,N-CPjxno,108,Super Glue,11/16/2003,Sao Paulo,Out for Delivery,Mick Jagger,N-BVybxy,109,Super Glue,08/01/2003,Kuala Lumpur,Lost,Mick Jagger,N-VAxnhh,110,Balloons,05/27/2005,Minneapolis,Returned,Jim Jones,N-MRdhrv,111,Cell Phones,09/28/2001,New York,In Transit,Sofia Coppola,N-EVthxe,112,Scissors,01/11/2001,Buenos Aires,Out for Delivery,Sofia Coppola,N-YNxyqc,113,Balloons,02/14/2000,Barcelona,Lost at Sea,The Pope,N-SJbdvt,114,Super Glue,03/22/2004,New York,Lost at Sea,Lynn Margulis,N-VLrirn,115,Balloons,09/26/2001,Los Angeles,Stolen,Cathy Zeta Jones,N-YTjrga,116,Super Glue,07/07/2001,Los Angeles,Stolen,Donny Osmond,N-OFnyaj,117,Pet Rocks,07/24/2003,Los Angeles,In Customs,Cathy Zeta Jones,N-RBjwow,118,Super Glue,06/30/2005,Sao Paulo,In Transit,Jim Jones,N-HHxwfi,119,Scissors,04/08/2003,London,Stolen,Sharon Osborne,N-EDjvhr,120,Scissors,10/16/2002,New York,Arrived,T. Pynchon,N-RGubrb,121,GTA Vice City,01/30/2000,New York,Out for Delivery,T. Pynchon,N-CFvncv,122,Staples,02/25/2002,Hong Kong,Arrived,Donny Osmond,N-HAubnp,123,Offshored Programmers,03/30/2001,London,Lost,Sharon Osborne,N-WQdxzd,124,Prom Dresses,10/10/2000,Minneapolis,Arrived,Jim Jones,N-WUpfnb,125,GTA Vice City,10/07/2000,Buenos Aires,In Transit,The Pope,N-MUnmuj,126,Cement,10/28/2003,Minneapolis,Lost at Sea,Cathy Zeta Jones,N-RCvngw,127,Pet Rocks,01/05/2000,Los Angeles,In Transit,T. Pynchon,N-QEdrms,128,Balloons,06/24/2005,New York,Unknown,Donny Osmond,N-HVxspr,129,Cell Phones,01/11/2002,London,Not Yet Shipped,Sofia Coppola,N-PVymgi,130,Offshored Programmers,11/11/2002,Hong Kong,Out for Delivery,Sharon Osborne,N-MCachh,131,Clown Shoes,12/10/2001,Barcelona,Lost,Donny Osmond,N-IOubyz,132,Super Glue,04/07/2001,Sao Paulo,Returned,Lynn Margulis,N-VXgnzp,133,Clown Shoes,11/25/2000,Barcelona,In Transit,Sharon Osborne,N-ARnirx,134,Balloons,07/24/2004,Buenos Aires,Stolen,Donald Trump,N-OBjfct,135,Offshored Programmers,04/27/2004,San Francisco,Stolen,Donald Trump,N-LSiilh,136,Pet Mice,07/08/2002,Bangkok,Out for Delivery,Mick Jagger,N-NPanok,137,Staples,09/29/2002,London,Lost at Sea,The Pope,N-OZxmba,138,Super Glue,07/18/2001,Los Angeles,Returned,Christopher Hitchens,N-LLhkcj,139,Cement,05/21/2002,Bangkok,Not Yet Shipped,Donald Trump,N-SIvhgn,140,Pet Rocks,09/22/2003,Hong Kong,Not Yet Shipped,Christopher Hitchens,N-NJzurs,141,Pet Mice,04/02/2001,Bangkok,Lost,Christopher Hitchens,N-GGnpob,142,Watermelons,09/04/2005,Hong Kong,Unknown,T. Pynchon,N-AOqika,143,Cell Phones,04/19/2002,Barcelona,Not Yet Shipped,Cathy Zeta Jones,N-KAbyie,144,Prom Dresses,10/24/2005,Barcelona,Unknown,Jim Jones,N-UPrjqx,145,Barbie Dolls,09/10/2000,Buenos Aires,Lost,Sofia Coppola,N-DLxuzk,146,Barbie Dolls,03/21/2002,Sao Paulo,Lost at Sea,Lynn Margulis,N-YOqczc,147,Prom Dresses,01/04/2000,Buenos Aires,Returned,Trey Parker,N-GZgtmp,148,Offshored Programmers,10/17/2002,Buenos Aires,Lost at Sea,T. Pynchon,N-RXmauv,149,GTA Vice City,11/21/2001,San Francisco,Stolen,The Pope,N-NJrlkr,150,Dinnerware,04/22/2001,Hong Kong,Lost,Christopher Hitchens,N-HAoqbg,151,Barbie Dolls,01/01/2000,Bangkok,Not Yet Shipped,The Pope,N-FIeckf,152,Balloons,03/18/2001,Toronto,Not Yet Shipped,Mick Jagger,N-BEdkux,153,Pet Mice,01/03/2004,New York,In Customs,The Pope,N-MNvqkw,154,Balloons,08/10/2005,San Francisco,Not Yet Shipped,Donald Trump,N-HTgsoo,155,Scissors,09/13/2005,Sao Paulo,Out for Delivery,The Pope,N-UOxcxd,156,Cell Phones,01/22/2001,San Francisco,In Customs,Jim Jones,N-FKmfwk,157,Dinnerware,09/09/2001,Barcelona,Unknown,Jim Jones,N-OOiely,158,Balloons,07/30/2000,New York,Not Yet Shipped,Christopher Hitchens,N-LCqtsf,159,Balloons,04/02/2004,Minneapolis,Lost at Sea,Trey Parker,N-KLqqfd,160,Prom Dresses,08/22/2001,Hong Kong,Lost at Sea,Sofia Coppola,N-CKubon,161,Balloons,10/07/2004,Bangkok,Stolen,The Pope,N-BHykbx,162,Cell Phones,07/15/2003,Kuala Lumpur,Out for Delivery,Donald Trump,N-JTscpl,163,Super Glue,08/27/2000,Hong Kong,Lost,Cathy Zeta Jones,N-RGnwwe,164,Offshored Programmers,11/28/2001,San Francisco,Returned,Mick Jagger,N-QJjxgr,165,Barbie Dolls,12/10/2001,London,Lost,Donny Osmond,N-CYdjmf,166,Clown Shoes,07/08/2004,Los Angeles,Stolen,Jim Jones,N-BKbgji,167,Cement,08/12/2003,Buenos Aires,Arrived,Lynn Margulis,N-RDxgtb,168,Scissors,03/12/2002,Minneapolis,Returned,Sharon Osborne,N-WHijzm,169,Clown Shoes,01/02/2004,Bangkok,In Transit,Lynn Margulis,N-AKosno,170,Watermelons,01/27/2000,Buenos Aires,Not Yet Shipped,Mick Jagger,N-SLlmrm,171,Cement,12/04/2000,New York,Stolen,T. Pynchon,N-CMfhpo,172,Clown Shoes,08/02/2000,Kuala Lumpur,Lost,The Pope,N-SAuzbn,173,Offshored Programmers,09/17/2004,Toronto,Not Yet Shipped,Jim Jones,N-ZCwehs,174,Balloons,12/24/2005,London,Arrived,The Pope,N-PWjyna,175,Super Glue,10/11/2000,Hong Kong,Stolen,T. Pynchon,N-GRzatl,176,Balloons,02/07/2001,Sao Paulo,In Customs,Sharon Osborne,N-VQozym,177,Dinnerware,11/01/2004,Kuala Lumpur,Arrived,Christopher Hitchens,N-MJtokb,178,Barbie Dolls,11/23/2000,Barcelona,Lost,Christopher Hitchens,N-QMisuk,179,GTA Vice City,08/22/2005,New York,In Transit,Trey Parker,N-ZPmngu,180,Balloons,10/06/2004,Buenos Aires,Not Yet Shipped,Donny Osmond,N-HZpssp,181,Dinnerware,02/21/2002,San Francisco,Unknown,Lynn Margulis,N-OArequ,182,Balloons,12/04/2000,Minneapolis,Arrived,Donny Osmond,N-UCmzdl,183,Staples,11/17/2001,Hong Kong,In Customs,Trey Parker,N-NZifza,184,Watermelons,08/03/2003,San Francisco,Unknown,Sofia Coppola,N-OShuwm,185,Pet Rocks,09/27/2005,Barcelona,Unknown,Jim Jones,N-NOvedu,186,Cement,04/04/2000,Buenos Aires,Returned,Donald Trump,N-SWrtdm,187,Clown Shoes,09/09/2003,Barcelona,In Customs,Lynn Margulis,N-FGqoml,188,Staples,08/24/2002,London,Not Yet Shipped,Cathy Zeta Jones,N-VMkkhj,189,Pet Rocks,08/25/2001,Barcelona,Arrived,Donny Osmond,N-HIauvj,190,Prom Dresses,11/20/2005,Buenos Aires,Unknown,Donny Osmond,N-QUheks,191,Cell Phones,07/18/2003,Minneapolis,In Transit,Donald Trump,N-WGjsov,192,Clown Shoes,03/02/2001,San Francisco,Lost,Lynn Margulis,N-PXrjzq,193,Cell Phones,07/18/2004,Toronto,Lost at Sea,Sharon Osborne,N-VTnzik,194,Barbie Dolls,08/19/2004,Los Angeles,Unknown,Christopher Hitchens,N-YAdkpl,195,Cement,08/21/2000,New York,In Transit,Lynn Margulis,N-JOdwds,196,Staples,08/25/2002,Los Angeles,Out for Delivery,T. Pynchon,N-FWcejs,197,Cement,03/20/2004,Sao Paulo,Lost at Sea,Sharon Osborne,N-ZWlktb,198,Super Glue,04/14/2002,San Francisco,Lost at Sea,Cathy Zeta Jones,N-VInbgf,199,GTA Vice City,09/26/2005,Barcelona,In Transit,Sofia Coppola,N-PYymuj,200,Staples,12/31/2005,Kuala Lumpur,Out for Delivery,Trey Parker,N-NRfpsk,201,Dinnerware,02/04/2001,Toronto,In Customs,Lynn Margulis,N-IEmihi,202,Offshored Programmers,09/14/2000,London,In Transit,Donald Trump,N-PJejui,203,Staples,07/27/2001,London,Lost,Sofia Coppola,N-UZuclr,204,Offshored Programmers,11/18/2001,New York,Not Yet Shipped,Donny Osmond,N-AYbhph,205,Cement,11/28/2004,Toronto,Out for Delivery,Jim Jones,N-QXvjyv,206,Clown Shoes,05/04/2000,Los Angeles,Returned,Christopher Hitchens,N-ESlcoh,207,Super Glue,09/09/2005,Hong Kong,Lost,Donny Osmond,N-YHhliz,208,Clown Shoes,07/03/2001,Hong Kong,Stolen,Lynn Margulis,N-LYcktr,209,Cell Phones,05/16/2001,Buenos Aires,Lost at Sea,T. Pynchon,N-QGklqf,210,Clown Shoes,08/14/2004,Los Angeles,In Transit,Mick Jagger,N-PFkiii,211,Pet Mice,09/12/2000,Sao Paulo,Not Yet Shipped,Donny Osmond,N-ASfyfh,212,Prom Dresses,09/22/2002,Hong Kong,Stolen,Mick Jagger,N-AOjrvn,213,Staples,12/11/2004,Minneapolis,Stolen,Cathy Zeta Jones,N-TAeivz,214,Super Glue,09/08/2002,San Francisco,Lost,The Pope,N-VHlvkj,215,Cell Phones,12/07/2001,Sao Paulo,Unknown,Mick Jagger,N-QIhmez,216,Cement,07/03/2000,New York,In Transit,Jim Jones,N-CKlrgj,217,Pet Mice,06/24/2005,Buenos Aires,Not Yet Shipped,T. Pynchon,N-DTxsgb,218,Clown Shoes,04/21/2005,Hong Kong,Out for Delivery,Lynn Margulis,N-MBjobu,219,Watermelons,08/24/2005,San Francisco,Arrived,Trey Parker,N-ZDeyys,220,Cell Phones,05/04/2003,Toronto,Arrived,Lynn Margulis,N-LXozah,221,Pet Mice,02/22/2002,Minneapolis,Lost,Cathy Zeta Jones,N-DFlnrv,222,Super Glue,05/13/2000,New York,Arrived,Sofia Coppola,N-QYobpy,223,Staples,11/05/2004,Buenos Aires,In Transit,Mick Jagger,N-BCtbhp,224,Pet Mice,10/19/2003,San Francisco,Arrived,T. Pynchon,N-ONzbrp,225,Pet Rocks,05/16/2000,Kuala Lumpur,Returned,Lynn Margulis,N-ZXuuic,226,Scissors,02/14/2003,Hong Kong,Lost,Donny Osmond,N-EHipmh,227,Watermelons,09/24/2003,Kuala Lumpur,Lost at Sea,Cathy Zeta Jones,N-CMwktw,228,Barbie Dolls,05/08/2003,Toronto,Out for Delivery,Sofia Coppola,N-FItwtg,229,Scissors,09/24/2004,Barcelona,Returned,T. Pynchon,N-NJmssp,230,Pet Rocks,04/08/2001,Minneapolis,Lost at Sea,Donald Trump,N-SEjwoq,231,Dinnerware,12/16/2003,Bangkok,Out for Delivery,Cathy Zeta Jones,N-FUgwke,232,Balloons,10/27/2001,Los Angeles,Arrived,Sharon Osborne,N-ZPefse,233,Pet Mice,02/29/2004,Toronto,In Transit,Sofia Coppola,N-YMpoti,234,Cement,06/01/2005,Hong Kong,In Customs,Christopher Hitchens,N-BGpaun,235,Cell Phones,01/06/2001,Los Angeles,Returned,Donny Osmond,N-JVnlul,236,Watermelons,11/05/2001,London,Unknown,Sofia Coppola,N-UKurdv,237,Staples,01/01/2004,Toronto,Unknown,Sofia Coppola,N-JYbnaz,238,Offshored Programmers,04/26/2000,New York,Stolen,Donald Trump,N-VPcwoq,239,Staples,12/23/2005,Minneapolis,Returned,T. Pynchon,N-JVbvbd,240,Cell Phones,02/26/2003,San Francisco,Unknown,Mick Jagger,N-JWfxch,241,Cell Phones,05/27/2004,Minneapolis,In Transit,Lynn Margulis,N-YEodox,242,Clown Shoes,09/08/2003,Bangkok,In Transit,Mick Jagger,N-ZUmxjq,243,Pet Rocks,04/16/2002,Hong Kong,Returned,Mick Jagger,N-JGpszf,244,GTA Vice City,07/29/2003,Kuala Lumpur,Out for Delivery,Mick Jagger,N-SXepwa,245,Pet Rocks,11/16/2001,Toronto,In Customs,Cathy Zeta Jones,N-PJjwli,246,Balloons,10/30/2000,Toronto,Unknown,The Pope,N-QJkesf,247,Pet Mice,12/27/2002,Minneapolis,Returned,Christopher Hitchens,N-CWiolv,248,Offshored Programmers,11/16/2005,Bangkok,Unknown,Donald Trump,N-LMklci,249,Staples,07/30/2000,Minneapolis,Returned,Trey Parker,N-KVdrqh,250,Pet Mice,04/15/2005,Buenos Aires,Stolen,Trey Parker,N-NAhxzd,251,Super Glue,03/15/2004,London,Out for Delivery,The Pope,N-AWjwjx,252,Clown Shoes,05/29/2000,Buenos Aires,Lost,Christopher Hitchens,N-ZZxzlq,253,Clown Shoes,12/07/2004,Hong Kong,Returned,Christopher Hitchens,N-OBdvpa,254,Prom Dresses,11/07/2003,New York,Out for Delivery,Cathy Zeta Jones,N-RSrsfb,255,Super Glue,06/20/2005,Toronto,Returned,Mick Jagger,N-NVrynj,256,Cell Phones,05/23/2005,Buenos Aires,Out for Delivery,Lynn Margulis,N-LAavge,257,Super Glue,05/04/2004,Bangkok,Arrived,Sharon Osborne,N-LZpfry,258,Super Glue,11/28/2002,Los Angeles,In Customs,The Pope,N-KSofii,259,Super Glue,09/05/2000,London,Lost,Lynn Margulis,N-RUjifa,260,Watermelons,04/14/2002,Minneapolis,Out for Delivery,Christopher Hitchens,N-ZDbehn,261,Cell Phones,01/26/2003,Buenos Aires,Unknown,Donny Osmond,N-QSizqk,262,Balloons,02/21/2002,Toronto,Returned,Christopher Hitchens,N-NYmaoe,263,Offshored Programmers,03/12/2001,Sao Paulo,Unknown,T. Pynchon,N-QSyzju,264,Barbie Dolls,04/08/2001,Hong Kong,In Transit,T. Pynchon,N-QWcsrt,265,Clown Shoes,08/28/2002,San Francisco,Lost,Sharon Osborne,N-XIkliw,266,Cement,09/13/2002,Kuala Lumpur,In Transit,Sharon Osborne,N-UWkfel,267,Dinnerware,06/03/2003,Bangkok,Out for Delivery,T. Pynchon,N-QMwpzo,268,Offshored Programmers,11/31/2001,London,Lost at Sea,Jim Jones,N-OLdqlc,269,Staples,03/26/2003,San Francisco,In Customs,Mick Jagger,N-QYvbyl,270,Cell Phones,04/04/2000,Toronto,Lost,Donny Osmond,N-JEwnnv,271,Staples,11/26/2003,San Francisco,Stolen,Trey Parker,N-TSghch,272,GTA Vice City,10/02/2003,Bangkok,In Transit,T. Pynchon,N-IPommk,273,Staples,09/05/2002,Toronto,Unknown,Jim Jones,N-EHpeoe,274,Prom Dresses,09/30/2000,Toronto,Out for Delivery,Trey Parker,N-AYktxa,275,Offshored Programmers,08/28/2002,Toronto,Out for Delivery,Christopher Hitchens,N-BXhkjr,276,Dinnerware,12/06/2001,Hong Kong,Returned,Cathy Zeta Jones,N-GHmpxy,277,Super Glue,04/01/2003,Toronto,Lost,Lynn Margulis,N-IBglco,278,GTA Vice City,10/09/2001,New York,Returned,Trey Parker,N-VNtmuf,279,Cell Phones,01/06/2004,Toronto,Lost,Cathy Zeta Jones,N-MVkinl,280,Balloons,01/06/2002,Minneapolis,Not Yet Shipped,Cathy Zeta Jones,N-HPvqxe,281,Clown Shoes,04/29/2002,Bangkok,Stolen,Donald Trump,N-OTzfdr,282,Offshored Programmers,05/09/2005,Minneapolis,Lost at Sea,Jim Jones,N-BAamwf,283,Balloons,05/29/2002,Toronto,Returned,Donald Trump,N-IRxbsu,284,Cell Phones,03/05/2003,New York,Out for Delivery,Christopher Hitchens,N-TEhsps,285,Offshored Programmers,05/15/2002,Buenos Aires,Not Yet Shipped,Trey Parker,N-VRxdmh,286,Pet Rocks,12/20/2003,London,Not Yet Shipped,Trey Parker,N-MFbdmv,287,Super Glue,09/05/2004,New York,In Customs,Lynn Margulis,N-GZgoeq,288,Scissors,08/20/2004,London,Lost at Sea,Christopher Hitchens,N-WBicoc,289,Offshored Programmers,03/10/2003,Toronto,Returned,Donny Osmond,N-YUeklb,290,Pet Mice,08/03/2004,London,Lost at Sea,Donald Trump,N-OYgjtg,291,Prom Dresses,01/13/2000,Hong Kong,Stolen,Lynn Margulis,N-WHdpuh,292,Pet Mice,10/21/2002,Minneapolis,Stolen,The Pope,N-YDnmda,293,Cement,07/26/2001,San Francisco,Not Yet Shipped,Sharon Osborne,N-MZxsyy,294,Pet Rocks,06/26/2003,Toronto,Not Yet Shipped,The Pope,N-HAdrmu,295,Balloons,04/21/2000,San Francisco,Stolen,Cathy Zeta Jones,N-TMwhho,296,Balloons,01/30/2003,Hong Kong,Out for Delivery,Mick Jagger,N-FDhpkh,297,Scissors,03/15/2003,San Francisco,Not Yet Shipped,Lynn Margulis,N-VMurjf,298,Balloons,04/25/2000,Toronto,Lost,Donald Trump,N-MLfqex,299,Staples,06/24/2005,London,Lost at Sea,Donald Trump,N-IVjjxh,300,Cell Phones,10/21/2005,Hong Kong,In Customs,Donald Trump,N-ONwtvu,301,Scissors,09/01/2002,Kuala Lumpur,Unknown,Trey Parker,N-FXmnli,302,Staples,10/29/2005,San Francisco,Unknown,Jim Jones,N-SVsgev,303,Balloons,02/08/2001,Kuala Lumpur,Stolen,Sharon Osborne,N-UZjkwa,304,Dinnerware,09/26/2004,Sao Paulo,Arrived,Lynn Margulis,N-KQipoz,305,GTA Vice City,08/31/2003,Toronto,Lost,Cathy Zeta Jones,N-HXcupk,306,Balloons,09/20/2004,San Francisco,Stolen,Lynn Margulis,N-IShxzy,307,Balloons,09/05/2004,Sao Paulo,Lost,Lynn Margulis,N-EPieha,308,Barbie Dolls,12/15/2005,London,Arrived,Sofia Coppola,N-QRasym,309,Offshored Programmers,03/12/2000,Bangkok,Unknown,Sharon Osborne,N-OJleqm,310,Offshored Programmers,01/16/2000,Bangkok,Returned,Christopher Hitchens,N-DEfaqg,311,Barbie Dolls,10/23/2001,Buenos Aires,Not Yet Shipped,T. Pynchon,N-CApxtk,312,Barbie Dolls,04/06/2000,Barcelona,Stolen,Christopher Hitchens,N-UNmohs,313,Staples,08/05/2003,Hong Kong,Unknown,Sharon Osborne,N-VBbavl,314,Balloons,01/06/2001,Kuala Lumpur,Arrived,Jim Jones,N-DPefut,315,Staples,01/07/2004,Sao Paulo,Unknown,Donald Trump,N-YGvayi,316,Prom Dresses,08/22/2001,Sao Paulo,Lost,Sofia Coppola,N-AQmizp,317,Super Glue,04/03/2005,Los Angeles,Out for Delivery,Mick Jagger,N-YSozlg,318,Cell Phones,05/30/2002,Minneapolis,Not Yet Shipped,The Pope,N-OZseun,319,Staples,08/18/2000,Minneapolis,Not Yet Shipped,T. Pynchon,N-OUobzx,320,Offshored Programmers,11/15/2005,Minneapolis,In Customs,Lynn Margulis,N-XDtdnc,321,Cement,04/12/2004,Toronto,In Customs,Donny Osmond,N-AZwcni,322,Barbie Dolls,02/18/2002,Buenos Aires,Arrived,Jim Jones,N-TXibrz,323,Barbie Dolls,12/15/2002,New York,Unknown,T. Pynchon,N-MXgins,324,Cement,10/12/2000,Kuala Lumpur,Not Yet Shipped,The Pope,N-YZludp,325,Pet Rocks,08/05/2005,Los Angeles,Lost,Mick Jagger,N-AXlrma,326,Watermelons,01/03/2003,Minneapolis,Not Yet Shipped,Cathy Zeta Jones,N-QTexfo,327,GTA Vice City,05/22/2001,New York,Unknown,The Pope,N-HPmtzd,328,Clown Shoes,04/19/2004,Bangkok,Not Yet Shipped,Sharon Osborne,N-XLrvqs,329,Pet Mice,06/03/2003,Bangkok,Arrived,Donald Trump,N-SZoooq,330,Watermelons,02/25/2005,Minneapolis,Returned,Christopher Hitchens,N-GFoqje,331,Staples,08/15/2005,Sao Paulo,Lost at Sea,Trey Parker,N-CMhvzr,332,Pet Rocks,05/05/2001,Hong Kong,Returned,The Pope,N-BGgxvm,333,Cement,02/21/2002,New York,Lost,Lynn Margulis,N-CPgipg,334,Staples,02/03/2004,New York,Unknown,Sharon Osborne,N-IKehol,335,Staples,05/24/2001,Los Angeles,Unknown,Sharon Osborne,N-JPcben,336,Dinnerware,09/23/2002,Sao Paulo,Out for Delivery,Donny Osmond,N-KOtkux,337,Clown Shoes,11/09/2004,Bangkok,Returned,Sofia Coppola,N-MTorjw,338,Scissors,09/26/2003,Kuala Lumpur,Arrived,Donald Trump,N-HGvjzl,339,Super Glue,11/18/2000,New York,Out for Delivery,Mick Jagger,N-QJovgl,340,Pet Rocks,01/19/2000,Bangkok,Lost,Christopher Hitchens,N-SEafrc,341,Scissors,08/12/2002,Los Angeles,Arrived,Donald Trump,N-KXvphj,342,Cell Phones,10/09/2001,London,In Customs,Lynn Margulis,N-OOfjfx,343,Prom Dresses,01/06/2005,New York,Stolen,Mick Jagger,N-ADwjei,344,Pet Mice,07/28/2000,London,Out for Delivery,Trey Parker,N-YRfomp,345,Cell Phones,07/22/2005,Buenos Aires,Lost at Sea,Trey Parker,N-IXxlyg,346,Barbie Dolls,10/28/2003,New York,Stolen,Sofia Coppola,N-VGgwqi,347,Scissors,03/25/2003,Sao Paulo,In Customs,Jim Jones,N-QEheic,348,Barbie Dolls,05/17/2000,Sao Paulo,Arrived,Trey Parker,N-FBpych,349,Cell Phones,02/31/2000,San Francisco,Out for Delivery,The Pope,N-ODrsaa,350,Cement,09/16/2002,Sao Paulo,Lost,Mick Jagger,N-OAiddr,351,GTA Vice City,09/09/2003,Sao Paulo,Not Yet Shipped,Jim Jones,N-YIcjpc,352,Cement,06/16/2000,San Francisco,Returned,Sofia Coppola,N-SDqsnr,353,Dinnerware,09/20/2004,Los Angeles,In Customs,Sharon Osborne,N-SDslnm,354,Balloons,08/16/2000,New York,Arrived,Sharon Osborne,N-OHfnwo,355,Staples,02/05/2002,Los Angeles,Stolen,Christopher Hitchens,N-CXasnw,356,Barbie Dolls,08/15/2003,Minneapolis,Arrived,The Pope,N-SXdcqh,357,Clown Shoes,08/14/2004,Bangkok,In Transit,Lynn Margulis,N-EHjclz,358,Staples,03/14/2003,Barcelona,Returned,Donald Trump,N-HEdibu,359,Clown Shoes,04/11/2005,Buenos Aires,Unknown,Cathy Zeta Jones,N-UMnvny,360,Barbie Dolls,11/18/2003,London,In Transit,Sharon Osborne,N-CUxaqw,361,Dinnerware,10/14/2000,San Francisco,Out for Delivery,Lynn Margulis,N-AYgxxe,362,Watermelons,07/22/2003,Sao Paulo,Stolen,Sharon Osborne,N-CHbiky,363,Super Glue,01/30/2003,Minneapolis,Lost,Jim Jones,N-KYijob,364,Scissors,12/06/2003,Minneapolis,Stolen,Donald Trump,N-WZkzwi,365,Pet Rocks,04/28/2002,Kuala Lumpur,Lost,Trey Parker,N-ILvvap,366,Cell Phones,07/12/2000,Los Angeles,In Customs,Sofia Coppola,N-NTqmwh,367,Cell Phones,08/02/2005,Hong Kong,Lost at Sea,Jim Jones,N-QLzmkg,368,Cell Phones,10/30/2002,Barcelona,Arrived,Mick Jagger,N-IQbcdx,369,Super Glue,04/23/2002,Minneapolis,Stolen,The Pope,N-ZByana,370,Balloons,05/26/2004,Kuala Lumpur,Returned,Sharon Osborne,N-PGiurh,371,Balloons,08/22/2002,Bangkok,Returned,Lynn Margulis,N-FQlqif,372,Dinnerware,02/09/2001,Los Angeles,Stolen,Mick Jagger,N-GVccak,373,Barbie Dolls,10/26/2000,Hong Kong,In Transit,Lynn Margulis,N-GWdpxk,374,Prom Dresses,02/25/2002,Sao Paulo,Unknown,Donald Trump,N-XLbugi,375,Prom Dresses,09/10/2005,Toronto,In Transit,Cathy Zeta Jones,N-CXuvsg,376,Cell Phones,05/04/2005,Kuala Lumpur,Returned,T. Pynchon,N-AWgmeg,377,Barbie Dolls,03/30/2005,Hong Kong,Returned,Mick Jagger,N-YGjfim,378,Cell Phones,07/24/2000,Toronto,Lost,The Pope,N-WBzdmk,379,GTA Vice City,07/31/2005,Hong Kong,Arrived,The Pope,N-AVfpmp,380,Pet Mice,07/26/2000,New York,In Transit,Donny Osmond,N-OCbjeg,381,Staples,12/30/2003,Minneapolis,In Transit,Trey Parker,N-WFzoju,382,Scissors,03/20/2005,New York,Returned,Donny Osmond,N-WCkawh,383,Offshored Programmers,09/25/2000,Los Angeles,In Customs,T. Pynchon,N-CXpcxw,384,Cement,05/07/2001,Kuala Lumpur,Out for Delivery,T. Pynchon,N-TXwnjf,385,Staples,10/04/2004,Sao Paulo,Not Yet Shipped,Donny Osmond,N-RWedet,386,Offshored Programmers,02/25/2004,Barcelona,Lost,Donald Trump,N-NHdvqb,387,Pet Mice,10/27/2000,Bangkok,Lost,Sharon Osborne,N-BYtwcc,388,Cement,11/10/2005,Sao Paulo,Lost at Sea,Jim Jones,N-HMzsch,389,Prom Dresses,09/02/2001,Toronto,Stolen,Sofia Coppola,N-NAqmvk,390,Super Glue,01/13/2002,Kuala Lumpur,In Customs,The Pope,N-MRnlhs,391,Cement,02/28/2000,Buenos Aires,Arrived,Christopher Hitchens,N-FTkokm,392,Cell Phones,02/13/2002,London,Unknown,Christopher Hitchens,N-OYoawh,393,Watermelons,11/16/2003,Sao Paulo,Lost at Sea,Trey Parker,N-JXruzw,394,Barbie Dolls,11/16/2002,Bangkok,Lost,Donny Osmond,N-IDogsc,395,Watermelons,07/09/2003,Toronto,Arrived,Trey Parker,N-MPfovn,396,Pet Rocks,03/08/2001,Kuala Lumpur,Stolen,Christopher Hitchens,N-QLizwf,397,Pet Rocks,04/17/2004,London,In Transit,Donald Trump,N-YUzazv,398,Pet Rocks,12/24/2004,London,Lost at Sea,Donny Osmond,N-XNistv,399,Offshored Programmers,09/06/2002,Sao Paulo,Lost at Sea,Sharon Osborne,N-TOdxra,400,Cement,04/18/2001,Bangkok,Lost at Sea,Lynn Margulis,N-SOqooj,401,Offshored Programmers,12/19/2000,Kuala Lumpur,Not Yet Shipped,Cathy Zeta Jones,N-BSplvx,402,Barbie Dolls,12/20/2002,San Francisco,Out for Delivery,Lynn Margulis,N-KUwqrp,403,Prom Dresses,07/01/2003,London,Lost at Sea,Jim Jones,N-HJqgfe,404,Cement,03/11/2005,London,Stolen,Trey Parker,N-PItlwe,405,Super Glue,10/04/2003,Barcelona,Unknown,Sharon Osborne,N-TEqhab,406,Super Glue,10/31/2005,Hong Kong,Out for Delivery,Cathy Zeta Jones,N-BRvptb,407,Prom Dresses,03/16/2001,London,In Transit,Cathy Zeta Jones,N-PHaigb,408,Prom Dresses,07/12/2005,London,Out for Delivery,Christopher Hitchens,N-YAiabv,409,Dinnerware,09/12/2000,Buenos Aires,Out for Delivery,Donald Trump,N-HAqkjw,410,Dinnerware,03/01/2002,Los Angeles,Stolen,Mick Jagger,N-XFmipa,411,Offshored Programmers,09/24/2000,Bangkok,Arrived,Mick Jagger,N-KTvanu,412,Pet Mice,11/08/2005,Kuala Lumpur,Returned,Cathy Zeta Jones,N-GHuhuo,413,Pet Rocks,09/10/2001,Buenos Aires,Returned,Donald Trump,N-MQflmc,414,Dinnerware,11/31/2002,Buenos Aires,In Transit,Sofia Coppola,N-UPmchl,415,Balloons,05/15/2004,Buenos Aires,In Transit,Christopher Hitchens,N-SVsmcd,416,Prom Dresses,06/18/2003,London,Returned,Cathy Zeta Jones,N-ECdiup,417,GTA Vice City,07/10/2004,Minneapolis,Returned,Trey Parker,N-YEtege,418,Cell Phones,01/06/2001,Barcelona,In Customs,Mick Jagger,N-KFeznk,419,GTA Vice City,05/10/2000,Sao Paulo,In Customs,Christopher Hitchens,N-IHdtuc,420,Clown Shoes,03/01/2004,Minneapolis,Lost,Donny Osmond,N-KDttuv,421,Balloons,06/26/2004,London,Not Yet Shipped,The Pope,N-MGtpgi,422,Dinnerware,07/11/2003,San Francisco,In Customs,Mick Jagger,N-GOsbvm,423,Offshored Programmers,06/15/2000,Sao Paulo,Stolen,Mick Jagger,N-DDgetw,424,Cell Phones,10/27/2001,Sao Paulo,Out for Delivery,Mick Jagger,N-YAgiqd,425,Barbie Dolls,07/30/2002,Kuala Lumpur,Out for Delivery,Trey Parker,N-OBoubb,426,Cell Phones,07/06/2003,London,Returned,Jim Jones,N-VFlnzr,427,Watermelons,04/14/2001,Buenos Aires,Returned,Donald Trump,N-DDkbdg,428,GTA Vice City,05/28/2001,Kuala Lumpur,Arrived,Donny Osmond,N-ILdqzk,429,Prom Dresses,02/25/2001,Buenos Aires,Arrived,Jim Jones,N-YAjrqe,430,Prom Dresses,12/19/2001,London,Arrived,Cathy Zeta Jones,N-XTneja,431,Prom Dresses,06/11/2004,Toronto,Stolen,Christopher Hitchens,N-XHvtzp,432,Dinnerware,08/22/2001,Barcelona,Stolen,Jim Jones,N-ABimxg,433,Pet Mice,04/12/2005,Kuala Lumpur,Lost at Sea,Trey Parker,N-WLqsfq,434,Pet Mice,02/12/2003,Sao Paulo,Not Yet Shipped,Donald Trump,N-BXptbz,435,Pet Rocks,09/20/2000,Bangkok,Returned,Cathy Zeta Jones,N-XGsrqc,436,Watermelons,07/28/2004,Los Angeles,Lost,Christopher Hitchens,N-ZNhutz,437,Pet Rocks,07/28/2004,Los Angeles,Lost,Sofia Coppola,N-ROwxcn,438,Super Glue,03/21/2002,Minneapolis,Not Yet Shipped,The Pope,N-PZxqud,439,GTA Vice City,05/13/2001,Barcelona,Out for Delivery,Christopher Hitchens,N-IMcrwy,440,GTA Vice City,08/27/2003,Toronto,Unknown,Sharon Osborne,N-RPvfna,441,Cell Phones,06/26/2003,Kuala Lumpur,In Transit,Christopher Hitchens,N-RImkfq,442,Watermelons,07/29/2002,London,Returned,T. Pynchon,N-BXiqyz,443,Dinnerware,12/08/2005,Toronto,Unknown,T. Pynchon,N-QRmtjm,444,Super Glue,03/29/2000,New York,Arrived,Jim Jones,N-BKismt,445,Prom Dresses,01/17/2005,Barcelona,Arrived,Christopher Hitchens,N-LVuwfg,446,Cement,04/20/2005,Hong Kong,Lost,Christopher Hitchens,N-BCdekj,447,Clown Shoes,12/02/2005,Minneapolis,Arrived,The Pope,N-LYlisk,448,Watermelons,12/02/2004,New York,Arrived,Donald Trump,N-KQdrcl,449,Barbie Dolls,12/18/2003,Buenos Aires,Unknown,Mick Jagger,N-AJotxz,450,Super Glue,05/16/2000,Barcelona,Not Yet Shipped,Trey Parker,N-VGkrxo
    </DATA>
</SMARTTABLEPARAMS>